key,english,spanish
menu.title,Falling Wizard,Falling Wizard
menu.play,Play,Jugar
menu.settings,Settings,Opciones
menu.exit,Exit,Salir
pause.title,Paused,En pausa
pause.resume,Resume,Continuar
pause.mainMenu,Main Menu,Menú principal
pause.quit,Quit,Salir
settings.title,Settings,Opciones
settings.resolution,Resolution,Resolución
settings.fullscreen,Fullscreen,Pantalla completa
settings.volume,Volume,Volumen
settings.language,Language,Idioma
settings.back,Back,Volver
settings.resetSave,Reset Save,Borrar partida
settings.resetSave.title,Reset save?,¿Borrar la partida?
settings.resetSave.blurb,"Every spell, wisp and heart you have earned is erased, and the run starts again from the beginning. This cannot be undone.","Se borran todos los hechizos, Basura Mágica y corazones que has ganado, y la bajada empieza otra vez desde el principio. Esto no se puede deshacer."
settings.resetSave.status,You have {0} Magic Scrap banked.,Tienes {0} Basura Mágica a salvo.
settings.resetSave.confirm,Erase everything,Borrarlo todo
settings.resetSave.cancel,Keep my save,Conservar mi partida
language.english,English,English
language.spanish,Español,Español
skill.title,What you carry down,Lo que te llevas abajo
skill.purse,{0} Magic Scrap,{0} Basura Mágica
skill.price,{0} Magic Scrap,{0} Basura Mágica
skill.noBook,No spellbook found at Assets/Resources/Spellbook.asset.,No hay grimorio en Assets/Resources/Spellbook.asset.
skill.dive,Descend,Bajar
skill.back,Back to the tower,De vuelta a la torre
skill.hint.pick,"Pick a spell, then press the button you want it on.",Elige un hechizo y presiona el botón donde lo quieres.
skill.hint.move,{0}: press {1} to move it.,{0}: presiona {1} para moverlo.
skill.hint.locked,{0} is not learned yet.,Aún no lo aprendiste {0}.
skill.on,On {0}.,En {0}.
skill.bench,On the bench.,En la banca.
skill.next,{0}  Next: {1} - {2},{0}  Sigue: {1} - {2}
skill.learn,Learn - {0},Aprender - {0}
skill.mastered,Mastered,Dominado
skill.learned,Learned,Aprendido
death.title,You fell,Te caíste
death.blurb,"The Magic Scrap you were carrying went out with you, and are back where you found them.","Los Basura Mágica que llevabas se perdió, volvieron a donde los encontraste."
death.status,{0} Magic Scrap still banked,Aún tienes {0} Basura Mágica a salvo
death.continue,Take it from the last rest,Seguir desde el último descanso
death.giveUp,Give up the run and go back,Abandonar la bajada y volver
rest.title,A place to rest,Un lugar para descansar
rest.blurb,"Further down, or back the way you came.","Más abajo, o de vuelta por donde viniste."
rest.status,Carrying {0} Magic Scrap    {1} already banked    {2}/{3} hearts,{0} en mano    {1} a salvo    {2}/{3} corazones
rest.pressOn,"Rest, then press on",Descansar y seguir bajando
rest.turnBack,Turn back and bank {0} Magic Scrap,Volver y guardar {0} Basura Mágica
hud.wisps,{0} carried    {1} banked,{0} en mano    {1} a salvo
ability.fling.name,Fling,Impulso
ability.fling.desc,"Hold to wind up and aim, let go to be flung.","Mantén presionado para apuntar, suelta para ser arrojado."
ability.fling.upgrade.0.title,Harder throw,Tiro más fuerte
ability.fling.upgrade.0.desc,Winds up faster and throws you further.,Carga más rápido y te lanza más lejos.
ability.glide.name,Glide,Planeo
ability.glide.desc,Throw out your hat to glide around.,Despliega tu sombrero para planear.
ability.glide.upgrade.0.title,Wider hat gives more control.,El sombrero se agranda otorgando mayor control.
ability.glide.upgrade.0.desc,Lets you grab wind better.,Permite utilizar mejor el viento.
ability.haste.name,Haste,Prisa
ability.haste.desc,"Quicken yourself for 10 seconds, everything else in the floor slows down. Can be used only once per floor.","Acelérate por 10 segundos y gana velocidad, el nivel entero se enlentece. Puede ser usado una vez por nivel."
ability.haste.upgrade.0.title,Deeper haste,Prisa más honda
ability.haste.upgrade.0.desc,"You move faster still, and the world slows further.",Te mueves aún más rápido y el mundo se frena más.
ability.vine.name,Mage Hand,Mano de mago
ability.vine.desc,"Reach out a spectral hand and swing from it, press the button to let go.","Saca una mano espectral y colúmpiate, presiona nuevamente el botón para soltarte."
ability.vine.upgrade.0.title,Wider swing,Vaivén amplio
ability.vine.upgrade.0.desc,The hand leans much further either side before it stops.,La mano se inclina mucho más a cada lado.
ability.vine.upgrade.1.title,Up and down,Subir y bajar
ability.vine.upgrade.1.desc,Climb the hand as well as swing on it.,"Además de columpiarte, puedes trepar por la mano."
ability.staff.name,Staff,Bastón
ability.staff.desc,"Hold it up against a wall and climb, as high as the staff is long. At a ledge it goes over the lip and you climb down instead.","Apóyalo en un muro y trepa, tan alto como largo sea. En un borde lo clavas sobre el filo y bajas."
ability.staff.upgrade.0.title,Longer staff,Bastón largo
ability.staff.upgrade.0.desc,"Half again as long, so it climbs walls that used to be too tall and reaches drops that used to be too deep.",La mitad más largo: trepa muros que antes eran demasiado altos y llega a caídas más hondas.
ability.hand.name,Telekinesis,Telequinesis
ability.hand.desc,"Take a hazard with you, and set it down where you want it.",Llévate un peligro contigo y déjalo donde tú quieras.
ability.hand.upgrade.0.title,Longer reach,Mayor alcance
ability.hand.upgrade.0.desc,Takes hold of things half again as far away.,Agarra cosas la mitad más lejos.
ability.wall.name,Wall Growth,Muro
ability.wall.desc,"Grow a block of stone under the lip of a drop, and step down onto it.",Haz crecer piedra bajo el borde de una caída y bájate a ella.
ability.wall.upgrade.0.title,Longer reach,Mayor alcance
ability.wall.upgrade.0.desc,"Places a block a tile further out, and it stands for longer.","Pone el bloque una casilla más afuera, y dura más."
settings.controls,Controls,Controles
controls.title,Controls,Controles
controls.keyboard,Keyboard,Teclado
controls.controller,Controller,Mando
controls.playing,Playing,En el juego
controls.menus,Menus,Menús
controls.move,Move,Moverse
controls.walk,Walk (toggle),Andar (alterna)
controls.spell,Spell {0},Hechizo {0}
controls.loadout,Spellbook,Grimorio
controls.pause,Pause,Pausa
controls.skip,Skip cutscene,Saltar escena
controls.menuMove,Navigate,Moverse
controls.menuPick,Select,Elegir
controls.menuBack,Back,Atrás
controls.none,—,—
controls.close,Back,Volver
exit.title,Level complete,Nivel completado
exit.blurb,You made it to the bottom.,Llegaste hasta abajo.
exit.status,{0} Magic Scrap banked,{0} Basura Mágica a salvo
exit.again,Search again,Buscar otra vez
